-6,0,0,0,0,0,0,0,-1,0,0,0,0,0,0,-1,0,-18,0,-4,0,0,0,0,0,0,0,0,-13,-11,0,-12,-24,-2,0,5,-5,1,1,-24,0,-9,3,0,0,5,0,0,-2,-6,-2
11,0,0,0,0,9,0,0,1,0,0,0,0,0,0,2,0,54,0,6,0,0,0,0,0,0,0,1,16,7,0,7,16,1,1,29,17,2,0,21,1,71,2,0,1,-1,1,0,1,2,1
-5,0,0,0,0,-5,0,0,-2,0,0,0,0,1,0,5,0,-32,0,-6,0,0,0,0,0,2,0,-2,-3,-2,0,-2,-1,0,-1,-72,-21,5,-3,5,-1,-81,0,0,-2,-6,-2,0,1,8,2
-8,0,0,0,0,-5,0,0,1,0,0,0,0,-2,0,1,0,-13,0,4,0,0,0,0,0,-4,0,1,7,4,0,2,-10,0,0,44,14,-9,6,-21,-1,33,-6,0,2,9,3,0,-1,-10,-4
11,0,0,0,0,7,0,0,1,0,0,0,0,3,0,0,0,-1,0,-6,0,1,0,0,0,4,0,0,15,-8,0,4,12,0,1,10,6,6,-2,0,7,-9,5,0,-2,-11,-4,0,2,4,3
-3,0,0,0,0,1,0,0,1,0,0,2,0,-3,0,-25,0,25,2,27,0,-2,0,0,0,-3,0,0,-27,4,0,-5,-2,2,1,12,-24,3,-5,9,-11,-1,0,0,6,11,2,0,-5,-3,-2
8,1,0,0,0,-3,0,0,-5,0,0,-4,0,1,0,44,0,-81,-4,-46,0,1,0,0,1,6,0,0,48,0,0,-6,-11,-4,-5,-74,15,-7,5,-3,4,67,-3,0,-10,5,0,0,7,7,2
-27,-2,1,0,0,5,0,0,3,0,1,4,0,-1,0,-42,0,176,2,23,0,0,0,0,-2,-11,1,0,-43,3,0,7,8,2,9,75,14,-4,-1,-2,5,-127,2,0,5,-23,0,0,-7,-8,-2
61,1,-1,0,0,-5,0,2,0,0,-2,-4,0,8,0,35,0,-101,0,0,0,0,1,0,1,9,-1,1,77,-6,0,15,35,1,-13,-10,-17,16,-7,21,-3,106,7,1,1,20,3,0,6,4,1
-74,1,-1,0,0,5,0,-4,7,0,3,2,0,-13,0,-21,0,-17,3,9,0,1,-2,0,0,0,-1,-1,-131,11,0,-22,-70,-2,21,-39,-1,-10,21,-24,-6,-5,-14,-2,5,-14,-3,0,-6,-2,2
13,-2,3,0,0,2,0,3,-9,0,-3,3,1,7,0,9,0,27,-6,-12,0,-2,2,0,3,-5,1,0,119,-6,0,6,60,2,-21,8,7,7,-26,-9,11,-23,9,2,-10,12,-2,0,2,8,-2
60,1,-3,1,0,-6,0,-2,-2,0,5,-6,-1,11,0,-20,0,243,4,4,0,1,-2,0,-6,-2,4,2,-60,-12,0,26,-50,0,16,56,14,-21,15,41,-10,-12,-2,-2,8,-7,2,2,2,-7,-1
-44,0,0,-2,0,-8,0,7,11,0,-6,11,0,-22,0,109,0,-448,1,-3,0,0,3,0,5,4,-8,-4,49,10,0,-19,76,1,-25,-50,-8,30,-7,-12,8,-50,5,1,-8,6,3,-4,0,11,2
-41,0,1,1,1,12,0,-9,-11,0,1,-12,1,20,2,-175,0,-55,-4,0,0,0,-1,0,-2,8,7,5,-14,11,0,-17,-102,-5,38,31,-38,-32,6,-23,5,36,-10,0,1,-5,-1,3,1,-18,0
92,0,0,0,-2,-26,0,0,12,1,3,4,0,-20,-4,123,0,600,5,5,0,1,-3,0,1,-12,-5,-6,-149,-10,0,-12,51,2,-44,-25,30,33,-11,-23,-7,53,10,1,3,3,-2,1,-1,3,-4
-87,0,1,0,1,40,0,3,-20,-2,-6,-4,-4,15,2,-56,0,-83,-4,10,0,-1,2,0,-2,0,5,7,159,-13,0,106,60,1,57,-39,-1,-27,12,61,-15,109,-9,-2,0,-10,-4,-5,0,10,3
54,0,0,0,0,-13,0,3,22,2,9,12,3,9,1,55,0,-381,1,-26,0,-1,0,0,-1,8,-7,-5,-83,16,0,-100,-120,3,-56,97,-13,13,1,-61,29,-307,2,3,9,23,4,6,1,0,8
-47,0,-3,0,0,6,0,-3,-5,-2,-2,-11,1,-10,-1,-30,0,54,-1,15,0,1,-1,0,2,-6,5,2,109,13,1,-64,60,-2,65,-15,25,-1,-14,111,-25,184,6,-3,-12,-25,4,-5,-8,-18,-15
76,1,3,0,0,-48,0,-3,-6,1,-10,3,-2,1,0,-14,0,74,1,-9,0,0,3,0,5,6,1,-6,31,-26,-2,202,90,-3,-31,-56,-35,5,18,-93,10,-27,-4,0,2,18,-5,5,33,18,9
-8,-2,-1,0,0,92,1,4,-1,0,17,4,2,-6,-1,-20,0,-34,1,16,0,0,0,0,-10,-5,-5,9,-22,4,1,-244,-104,0,-34,15,52,-22,-14,-18,15,-60,-2,5,3,-17,3,-7,-49,-11,0
-122,1,0,1,1,-113,-1,1,-4,0,-12,-10,-2,7,1,76,0,-476,-4,-6,0,0,-6,0,6,0,5,-7,-136,-2,1,267,-62,2,20,28,-46,13,1,51,-31,192,2,-7,3,15,-2,6,15,7,-3
207,-3,-1,-2,-2,136,-1,-5,3,0,-5,5,2,-23,0,-127,0,1793,3,-10,0,0,15,0,-2,2,-4,2,130,13,-1,-129,128,0,-29,-78,22,3,6,-54,18,-199,7,7,-17,-14,0,-4,42,2,-3
-224,9,1,2,1,-127,1,3,5,0,5,7,-2,6,0,101,0,-2239,0,5,0,0,-20,0,1,-6,4,2,-209,-9,-1,-30,-84,0,12,69,-31,8,-4,42,-13,11,-17,-6,12,10,-1,2,-51,-17,4
125,-9,1,-2,0,42,0,0,9,0,7,-11,1,15,0,27,0,1065,0,0,0,0,7,0,0,5,-4,-2,64,0,1,-63,75,0,174,-59,48,-13,2,-21,22,137,18,0,15,-6,5,0,19,25,13
-30,3,-1,1,1,1,0,6,-5,0,-6,7,0,2,0,-41,0,-73,0,5,0,0,7,0,0,2,5,3,59,14,0,170,-51,10,-296,11,-9,-1,4,32,-4,-61,-15,3,-19,13,-5,3,-25,-9,-20
-34,0,-1,0,-2,7,0,-11,-18,0,-1,-5,0,7,3,-45,0,-291,0,-7,0,0,-4,0,1,1,-6,-4,-4,-22,0,-155,-47,-20,217,54,-21,13,-5,-30,-24,-112,7,-2,6,-2,-3,-5,33,-12,12
132,4,1,3,1,3,0,5,19,1,0,5,1,-11,-6,38,0,319,2,8,0,0,5,0,-2,-6,10,2,-35,17,0,31,128,11,-83,-4,31,-6,0,1,21,157,3,0,-12,-17,7,18,13,22,-12
-144,-8,1,-6,0,-13,0,1,-6,-2,4,-6,-2,-2,4,32,0,-570,-2,-9,0,0,-11,0,2,9,-14,0,168,-12,1,42,-146,-1,-1,-55,-38,-14,5,20,-3,-82,-6,1,13,7,2,-33,-59,-26,7
51,4,-2,3,0,-2,0,-3,-9,1,-4,12,1,-9,-1,-63,0,909,-2,4,0,0,4,0,-2,-11,9,0,-294,7,-2,96,127,-1,-74,36,-32,17,-6,-23,-15,60,10,0,-9,0,-13,17,59,7,9
5,0,1,0,0,14,0,2,-2,0,4,-16,0,24,-1,-19,0,-333,3,13,0,0,-5,0,3,7,-4,0,530,1,1,-295,-76,1,158,-28,115,13,1,63,12,-22,-10,0,6,5,13,0,-11,4,-17
-47,0,1,1,0,-17,0,2,31,1,-4,21,0,-29,3,39,0,-23,-2,-17,0,0,15,0,-4,-7,6,0,-750,-4,0,530,67,4,-64,25,-125,-24,-2,-78,15,-118,-2,1,14,1,0,-14,-18,32,11
119,0,-1,-2,0,76,0,-3,-13,-2,3,-9,5,59,-3,24,0,-219,1,0,0,0,-16,0,2,18,-8,0,239,2,0,-684,-85,-8,-103,40,51,12,6,35,-2,227,12,-2,-23,0,-3,29,29,-48,-10
-109,0,-1,3,0,-110,0,0,-23,1,-1,-11,-10,-84,0,-9,0,11,0,17,0,0,8,0,0,-18,5,0,572,0,0,486,29,6,109,-41,-16,-9,-1,-12,-20,-214,-12,1,5,-8,-5,-16,-60,22,20
46,0,1,-4,0,48,0,2,31,0,5,13,5,20,6,24,0,342,0,-22,0,0,-1,0,0,8,3,0,-591,-1,0,64,2,-1,-2,-6,53,-15,-5,16,7,84,5,1,31,11,-1,1,26,-11,-18
-18,0,0,3,0,19,0,-2,-30,0,-11,-10,1,38,-8,-10,0,-134,0,7,0,1,1,0,0,-14,-6,2,-120,2,0,-560,10,-4,134,3,7,41,5,1,0,-34,3,-2,-55,-7,13,1,15,15,-3
4,0,0,-2,0,-49,0,1,2,0,6,-8,-2,-38,9,-156,0,-376,1,5,0,-2,-1,0,0,28,-1,-4,304,-1,0,533,-8,3,-271,-12,-99,-37,-5,-52,-6,37,-2,1,28,-7,-13,-2,-6,-22,18
-20,0,0,1,0,35,0,0,8,0,1,17,1,26,-12,162,0,1463,-2,2,0,1,-4,0,1,-29,4,2,-61,-1,0,-153,11,0,173,16,98,12,2,123,4,52,-4,0,11,9,-6,2,-2,14,-21
40,0,0,0,0,22,0,2,40,0,6,5,0,1,6,-47,0,-1314,3,-6,0,0,6,0,-2,14,-2,2,538,2,0,-237,-5,0,-90,2,-83,10,3,-149,16,-104,5,0,-22,-1,11,-2,-8,9,16
-66,1,0,0,0,-56,0,-3,-52,0,-14,-5,1,-24,-2,57,0,116,-4,-1,0,0,-3,0,1,-7,7,-4,-838,-2,0,322,4,1,-46,107,31,-18,-4,75,-22,92,1,0,12,9,-3,1,30,-16,-6
156,-2,0,1,0,21,0,1,44,1,6,12,-2,20,5,33,0,-168,5,11,0,0,7,0,0,7,-9,0,-99,4,0,32,-4,0,202,-123,80,26,17,-23,18,-55,-8,2,8,-17,13,18,-26,13,2
-168,1,0,-2,0,16,0,1,-52,-2,4,-35,1,16,6,-1,0,122,-6,-14,0,6,-11,0,0,9,1,5,1064,-3,0,-306,17,-3,-180,45,-98,-35,-16,30,-22,21,5,-2,-11,29,-13,-36,14,-9,0
44,0,0,1,0,-6,0,-3,0,1,-5,-1,0,-36,-21,-144,0,-338,3,3,0,-12,3,0,0,-26,3,-4,-42,-3,0,64,-48,2,3,-97,7,21,-11,-8,13,-15,-3,-2,-6,-44,-11,18,-7,-8,-7
10,0,0,0,0,-10,1,2,39,0,2,19,0,50,17,-42,0,266,1,14,0,6,3,0,0,29,-3,1,-1290,5,0,345,50,0,124,-51,64,-5,11,-37,-9,31,8,2,8,24,35,1,-6,32,10
4,0,0,0,0,-2,-2,0,-30,0,-1,30,0,-69,5,127,0,576,-1,-21,0,0,3,0,0,-28,6,0,654,-2,0,-416,-28,0,-92,217,-78,12,3,91,11,-45,-6,0,0,0,-36,-2,21,-36,-8
4,0,0,0,0,28,1,2,55,0,2,-57,0,35,-21,86,0,-705,2,9,1,0,-1,0,2,16,-6,2,45,0,0,180,10,1,41,-102,66,-24,-1,-103,-2,19,-1,0,50,-1,24,-15,3,14,5
-1,0,0,0,0,-21,0,-4,-40,0,0,59,0,0,15,-78,0,1199,-3,3,-2,1,-9,0,-4,2,1,-2,60,-2,0,103,7,0,31,195,-50,25,3,60,10,-1,2,1,-95,4,-1,33,-16,5,-1
-2,0,0,0,0,11,0,2,-40,0,0,-67,0,8,5,-100,0,-1670,-1,5,3,-2,11,0,2,5,0,-2,47,4,0,-233,-13,-3,-17,-484,9,-18,-9,-14,-22,22,4,-2,49,-6,-36,-18,-36,5,0
-2,0,0,0,0,-22,0,3,117,0,-1,49,0,11,1,234,0,1061,2,-14,6,1,-3,0,0,-17,2,2,-122,-1,0,77,10,3,-104,423,28,19,6,-25,33,-30,-9,1,-10,10,68,2,60,-18,4
39,0,0,0,0,24,0,-6,-154,0,-3,-3,0,-35,-14,-232,0,-717,0,7,-18,0,-5,0,0,10,0,0,-4,5,0,-7,0,-2,89,-117,-19,-22,3,37,-42,23,7,0,3,-16,-82,-2,-26,15,-9
-64,0,0,0,0,-27,0,3,95,0,8,-36,0,22,-7,33,0,583,5,-1,10,0,-3,0,0,2,-3,0,-65,-15,0,149,-11,1,-83,54,43,18,-7,-52,29,-10,-2,0,3,8,72,1,-17,-14,7
11,0,1,0,0,7,0,0,-36,0,-9,35,0,-31,13,-34,0,-452,-10,0,1,0,9,0,0,-17,6,1,52,12,0,-28,7,0,69,-285,-76,-13,-1,84,-16,-13,-3,0,1,1,-62,0,8,12,-4
22,0,-2,0,0,29,0,6,57,0,6,12,0,43,10,104,0,1364,8,2,-2,0,-2,0,0,15,-7,-2,110,-6,0,-147,-4,1,147,309,119,6,5,-62,20,11,5,0,51,-2,48,0,96,3,2
15,0,2,0,0,-26,0,-11,27,0,1,-35,0,-19,-3,24,0,-1867,-5,4,2,0,0,0,1,0,5,1,-47,4,0,192,7,-1,-191,113,-160,-3,1,6,63,4,-2,0,-88,8,-1,0,-130,-12,1
-21,0,-2,0,0,4,0,4,-171,0,-7,30,0,33,-44,10,0,799,1,-11,-2,0,-3,0,-1,0,-5,1,-13,0,0,-252,-1,-1,71,-505,104,4,-3,18,-162,-2,0,0,19,-4,-49,0,38,15,-2
-10,0,1,0,0,3,0,1,141,1,2,4,0,-59,46,-61,0,-55,8,14,1,0,1,0,-1,-5,3,-2,1,-3,0,50,-6,2,-90,409,-31,13,-2,-26,196,-4,-1,0,22,-11,48,0,-4,-12,1
28,0,0,0,0,6,0,0,-44,-2,9,-78,0,56,-1,-49,0,152,-10,-14,0,0,5,0,2,17,0,1,25,5,0,320,2,-1,269,13,-4,-22,6,24,310,12,3,0,-1,10,-18,1,31,-5,0
-39,0,0,0,0,-17,0,0,24,1,-9,57,0,-65,-21,-100,0,-574,0,6,0,0,-10,0,-2,-19,1,0,-111,-5,0,-472,-1,-1,-479,-242,23,7,0,-36,-947,7,-1,0,-13,-1,-1,-1,-27,-7,0
17,0,2,0,0,-2,0,2,0,0,1,52,0,42,45,175,0,558,2,4,0,0,16,0,4,-7,-2,0,-3,2,0,433,7,2,386,294,-55,3,-3,67,640,-45,-4,1,37,-10,8,0,-37,26,2
-1,0,-4,0,0,30,0,0,-37,0,4,-65,0,-8,-78,267,0,290,3,-4,0,0,-16,0,-6,32,3,0,108,-1,0,-335,-2,0,-163,-368,53,-3,-5,-45,-215,49,13,-2,-47,12,-7,-1,105,-2,-1
18,1,2,0,0,-22,1,-6,-18,0,-10,18,0,-1,50,-364,0,-9,-4,-6,0,0,5,0,4,-40,-4,0,69,1,0,79,-8,-3,62,97,-18,2,9,-9,94,-38,-22,1,10,15,-6,2,-118,-7,-4
-2,-2,2,0,0,-1,-2,6,129,3,11,16,0,26,11,151,0,-852,2,14,0,1,7,0,-2,29,4,0,6,2,0,251,15,3,-42,326,-6,-4,-4,18,25,44,28,1,29,-35,29,0,55,-5,8
66,1,-4,0,0,7,1,-2,-180,-6,-8,-12,0,-38,-30,-283,0,543,0,-16,0,-2,-15,0,1,-9,-4,1,-170,-2,0,-206,-3,-2,98,-460,34,12,-2,15,-32,-52,-24,-2,-40,27,-40,-3,16,-5,-10
-226,0,2,0,0,8,0,-2,172,3,8,-83,0,25,17,267,0,50,1,28,0,1,20,0,0,-4,9,-2,-18,-2,0,-164,-12,2,-29,501,-21,-13,2,-30,47,54,12,1,22,-11,42,2,29,-9,6
206,0,0,0,0,-6,4,2,-128,0,-3,74,0,-13,9,-216,0,-513,-1,-22,0,1,-22,0,1,18,-14,1,172,3,0,178,10,-1,-143,-368,8,12,-3,-15,-6,-19,-10,1,-4,-3,-32,1,-129,16,-1
-33,1,2,0,0,-20,-8,3,10,0,-3,90,0,-17,-40,208,0,189,-1,-16,0,-2,27,0,-2,-33,9,0,-230,-2,0,334,-11,-1,138,-77,-6,-17,6,96,-81,-43,8,-2,2,9,-2,0,86,61,-1
-24,-2,-2,0,0,44,9,-6,131,3,8,-154,0,32,44,-130,0,872,11,37,0,1,-26,0,1,27,-4,0,151,3,0,-567,4,3,-2,364,5,9,-5,-122,99,65,12,1,20,-15,34,-3,95,-110,2
-27,1,2,0,1,-48,-8,3,-139,-6,-11,121,0,-12,-34,224,0,-461,-19,-31,0,1,8,0,0,-16,4,0,200,-5,0,263,3,-3,-58,-266,-50,-3,3,47,-83,-51,-27,0,-35,26,-39,2,-187,58,-2
38,0,-5,0,-2,28,1,0,-7,3,3,-49,0,5,58,-133,0,-387,8,5,0,-2,6,0,0,14,-3,0,-358,4,0,-2,6,0,127,-38,49,13,-1,37,37,12,32,0,10,-14,12,0,128,-5,1
39,0,5,0,2,-8,7,0,85,0,3,-99,0,7,-51,-102,0,71,2,16,0,7,5,0,0,-5,1,0,152,7,0,-66,-11,3,-128,289,102,-8,0,-27,23,9,-26,0,19,-13,18,0,-51,0,1
-97,0,-5,0,-2,12,-7,7,-23,0,2,160,0,-1,-3,122,2,127,-3,-1,0,-12,-26,0,0,1,4,0,132,-15,0,-83,16,-1,34,-106,-201,-21,4,1,-29,79,5,2,-22,23,-16,0,-25,-8,2
82,0,3,0,1,-24,-1,-14,-25,0,-7,-138,0,-6,6,-66,-4,-173,5,-6,0,6,17,0,0,13,-9,0,-167,5,0,121,-24,-3,-126,-313,79,19,-11,-55,-2,-112,10,-4,2,-20,1,0,38,3,-7
-95,0,0,0,0,2,17,11,17,0,2,198,0,-25,126,-47,4,265,-5,-6,0,0,10,0,0,-21,5,0,-49,4,0,540,18,3,69,386,15,0,9,50,11,22,-9,2,6,11,11,0,0,-2,8
145,0,6,1,0,12,-25,-8,-37,0,3,-180,0,-22,-208,8,-4,706,3,3,1,1,-13,0,0,4,8,0,68,0,0,-945,-6,1,252,-188,-8,19,1,71,0,-1,-23,0,0,-6,-13,2,130,17,-4
-134,0,-12,-1,0,3,8,6,87,1,3,-27,0,102,58,101,2,-1722,3,-10,-2,-1,1,0,1,-14,-16,1,-32,1,0,270,2,-6,-404,35,2,-38,-7,-83,53,2,29,1,44,-3,2,-4,-235,-28,-2
34,0,6,-1,0,-18,7,0,17,-1,-8,169,0,-59,27,91,1,1089,-5,24,1,1,4,0,-2,56,10,-2,92,-7,0,337,20,13,549,144,24,90,9,12,-74,10,27,-2,-78,3,4,2,119,17,7
65,0,4,1,0,24,-8,-6,-193,-1,4,9,1,2,8,-167,-2,536,1,-29,0,2,-9,0,1,-72,-4,1,63,5,0,-259,-27,-18,-574,-351,-13,-126,-9,-20,-11,-7,-33,1,24,-2,-15,0,-44,-11,-12
-54,0,-8,0,0,-9,5,10,179,3,1,-291,-2,-3,7,60,1,-469,2,30,0,-8,10,0,0,56,3,0,-120,11,0,-88,9,11,273,503,16,39,3,24,45,25,5,0,18,21,29,1,21,-8,10
11,9,4,0,0,0,-2,-12,-83,-4,0,191,1,36,-21,-96,0,-1063,-6,5,0,5,-6,0,2,-35,-2,1,-28,-26,0,145,-30,-4,-166,-474,-26,16,1,-47,-26,3,-11,2,-16,-28,13,1,9,16,-5
-28,-27,7,0,2,-8,2,12,-2,2,-4,117,0,-69,375,40,0,568,2,-52,0,0,3,0,-4,5,2,-1,98,15,0,496,56,2,183,93,-71,50,2,104,13,-66,-23,-4,8,18,-74,-5,53,74,1
-14,27,-14,0,-4,26,-2,-12,168,1,5,-187,0,15,-726,384,0,443,10,51,0,0,18,0,2,17,-2,0,-179,8,0,-819,-48,1,-26,169,109,-26,3,-99,20,88,61,2,29,-15,51,3,1,-136,3
23,-9,11,0,2,-51,2,6,-246,-2,-4,250,0,6,377,-529,0,-364,-13,-31,0,0,-27,0,0,-22,12,5,165,-8,0,150,33,0,-34,-26,-26,0,-11,39,-12,-73,9,1,-57,20,5,0,-139,76,-4
72,0,-3,1,0,58,-2,2,105,1,4,61,0,14,-28,26,0,555,14,27,0,3,0,0,0,31,-20,-8,-60,6,0,321,-11,3,-152,-43,-4,-178,14,7,-19,35,-91,-2,39,-10,-3,2,120,-14,5
-69,0,-1,1,0,-31,1,0,42,0,-3,-634,0,26,258,163,1,-444,-9,-28,0,-6,19,0,0,-36,10,1,186,-20,0,178,-1,-4,429,14,18,236,-14,15,17,19,70,3,-17,2,-9,-1,-59,19,-6
5,0,-5,-5,0,30,0,-2,-44,1,0,318,2,16,-480,-32,-2,-7,2,30,0,3,-6,0,0,24,8,42,-180,17,0,-800,-13,-3,-450,245,-63,-40,3,-47,21,-38,-30,-4,1,-6,1,0,-9,-51,8
-76,0,5,3,0,-47,0,-4,-20,-2,1,75,-4,-90,212,52,1,210,-8,-17,0,0,-18,0,0,30,-21,-75,-128,-5,0,474,25,0,60,-668,61,-67,3,-7,-77,8,53,2,4,7,1,-5,33,48,-10
220,0,3,0,0,24,0,7,-18,2,4,445,2,50,59,-71,2,-764,7,-1,0,3,14,0,1,-84,24,32,108,2,0,429,-27,5,317,679,-24,16,8,95,80,15,-97,4,25,-11,46,14,104,-7,9
-240,0,-3,0,0,27,0,-4,136,-2,-7,-770,0,-2,-45,-27,-4,1025,-10,30,0,-6,33,0,-2,39,-20,9,35,-1,0,-474,30,-2,-244,-548,-15,39,-13,-85,-60,4,55,-8,-48,7,-119,-20,-47,-7,-7
108,0,-1,2,0,-74,0,-1,-86,5,4,458,0,-6,31,129,3,-498,15,-74,0,3,-46,0,1,23,8,-13,64,0,0,-18,-35,-2,43,492,20,-44,6,16,77,-42,40,5,51,-4,158,12,-167,-19,3
143,0,-1,0,0,51,0,2,-33,-8,-2,-367,0,6,-33,-66,-2,771,-2,62,0,0,-3,0,-1,-21,-2,8,102,3,0,71,28,2,-33,-275,13,43,6,-14,-48,45,28,-1,-28,6,-123,-2,102,56,12
-366,0,3,-6,0,10,0,2,-52,5,3,534,0,38,-5,72,1,-960,-14,-19,0,2,12,0,2,33,5,-2,-287,1,0,-87,-4,3,112,-104,-8,-52,-11,39,-45,7,-162,-1,-25,10,-12,-2,54,-49,-25
232,0,-2,5,0,-21,0,-4,229,-2,-2,-186,1,-89,14,-18,0,236,20,23,0,-4,22,0,-1,-45,7,0,126,-7,0,-171,-28,3,-134,477,-17,70,-3,-59,107,-37,143,2,40,-12,87,16,-135,-26,25
85,0,1,-2,0,-2,0,2,-304,1,-2,-547,-2,70,-34,-119,0,-525,-20,-20,0,2,-36,0,0,33,-25,6,224,3,0,250,47,-11,62,-506,4,-45,7,59,-122,14,-73,-1,-28,9,26,-25,89,53,-23
-152,1,8,1,0,-8,0,4,311,8,2,574,2,-21,107,88,0,420,38,-12,1,0,18,0,0,-20,22,-5,-420,4,1,795,-21,5,-55,234,8,-43,23,1,159,-7,-16,0,42,-33,-136,10,100,16,12
105,-1,-10,0,0,33,1,-7,-236,-14,0,-191,-2,-1,-144,-28,0,663,-32,12,-2,9,61,0,0,-22,-5,-4,248,-1,-2,-1181,-14,-4,167,-94,-7,10,-37,-31,-150,-2,141,-1,-54,25,67,0,-200,-77,7
-111,-1,-2,0,0,-17,-2,5,-5,4,-1,48,1,-24,111,28,0,252,5,49,2,-18,-122,0,0,66,-8,5,-82,-3,1,234,46,15,-188,-70,-3,137,25,7,6,19,-150,1,24,1,-20,0,317,73,-18
109,1,2,0,0,-7,1,-1,352,10,6,94,0,43,28,55,0,-1778,-6,-100,-2,16,129,0,0,-54,7,11,71,7,1,411,-55,-9,285,482,35,-206,-18,0,184,31,28,11,126,18,80,9,-311,-33,47
-94,0,6,2,0,2,0,0,-411,-16,-8,-188,0,20,-92,-100,0,1229,4,88,1,-14,-110,0,0,3,5,-23,207,-19,-2,-464,7,-7,-402,-466,-28,60,9,21,-210,-81,65,-8,-199,-30,41,-14,13,39,-66
199,1,-8,-4,0,58,0,-6,70,8,3,67,0,-67,-56,-3,0,528,-18,20,0,7,16,0,0,1,-8,7,-199,10,1,-106,69,0,165,-20,-35,634,-17,-61,6,65,-80,-13,26,4,-206,6,39,-87,32
-380,-2,4,2,0,-93,0,5,13,0,-1,-27,0,39,115,94,2,-1096,19,-90,0,0,78,0,0,29,-6,4,-3,0,0,311,-59,8,-33,300,35,-1187,15,43,66,4,55,7,49,11,154,-2,42,103,-5
305,10,17,0,0,59,0,15,298,0,3,56,1,-32,-1,-113,-4,1247,20,93,0,8,-59,0,3,3,23,14,-427,7,0,1022,-6,2,56,-184,128,474,38,104,127,-59,-26,7,73,9,-89,62,131,-48,10
94,-24,-26,1,4,-11,1,-25,-293,24,-2,470,0,31,-100,85,6,-1006,-15,-101,3,-16,11,0,-6,-38,-30,-17,451,-7,0,-1413,56,-12,436,-96,-220,398,-65,-132,-191,92,3,-7,-59,4,80,-156,-5,44,-6
-429,24,9,-2,-5,-26,-2,8,86,-40,8,-661,-3,-34,143,-39,-8,-1266,-19,63,-6,18,-22,0,3,22,27,-8,276,9,1,234,-113,9,-696,238,89,-257,36,12,82,-78,-36,5,-57,-47,-35,134,-284,-79,-1
351,-11,-2,1,0,0,1,4,-92,21,-10,107,2,40,-102,72,78,2197,16,-40,4,-18,37,0,0,-43,-17,20,27,-6,-2,-80,71,-5,217,-131,22,-62,-13,-9,-58,-33,71,-2,29,26,7,-27,172,-40,1
-95,1,6,3,0,63,0,-7,219,-18,-7,-17,2,29,-10,-66,-65,-953,17,-22,-1,8,-36,0,0,31,10,-5,-60,-10,1,501,76,4,194,102,37,45,7,43,110,89,-30,-3,8,17,-20,-17,-68,94,6
-115,1,-14,-6,0,-135,1,5,-381,13,9,210,-6,-122,42,46,-44,310,-51,87,-1,-2,-16,0,0,8,-17,-17,-358,13,0,-765,-236,2,-680,-109,-90,-90,-22,-37,-211,-136,-36,6,-18,-46,4,4,-5,37,-18
288,1,10,3,1,190,-2,0,121,0,2,-312,9,176,-26,-87,-13,359,32,33,1,2,33,0,0,87,12,13,-497,-6,0,501,264,-10,732,65,11,23,19,-15,171,274,57,-3,24,118,64,5,59,-84,11
-262,-1,25,0,18,-47,1,20,437,16,3,349,-7,-166,96,10,57,-32,73,4,2,0,0,0,1,-136,40,5,350,2,1,991,8,15,-126,-60,29,260,59,92,154,-253,-47,3,8,-146,-120,5,167,155,4
195,-1,-50,0,-25,-63,0,-40,-674,-32,-12,-237,1,105,-152,25,-18,-655,-146,-358,-3,2,155,0,-1,27,-73,-10,485,25,-1,-1320,-127,-16,372,-182,-12,169,-74,-25,-368,77,90,-10,-16,52,15,-24,-50,-157,-31
-120,3,46,8,9,-37,1,40,815,28,10,317,2,-31,186,45,13,-929,126,458,1,3,-158,0,-1,32,42,10,-204,-26,0,412,-36,34,-1014,338,10,-874,2,-45,184,95,-98,24,284,39,195,37,-234,11,76
46,-2,-25,-3,-4,7,-2,-32,-619,-17,3,-206,-2,52,-141,43,-7,1389,-81,-316,-1,-12,-72,0,0,-4,-14,-2,-39,-9,0,-149,33,-34,767,-47,23,833,15,-2,365,-121,40,-28,-478,-36,-209,-33,148,-10,-72
-176,-2,-13,-18,-9,66,1,4,-196,-2,-9,-166,2,-68,-48,-104,2,-2425,3,344,1,7,62,0,2,-22,-6,-11,73,12,-1,117,-150,-10,-92,-205,-40,-534,-9,14,-730,-55,-20,5,128,-1,-17,3,-123,-118,-6
136,7,17,13,11,-2,7,28,562,7,-3,51,-2,-121,96,-17,9,2119,37,-467,0,0,-51,0,3,95,43,14,94,8,1,-781,607,26,-642,-394,-43,32,-19,30,365,208,51,19,74,60,221,46,-14,144,58
219,-10,0,0,0,-60,-14,-40,-191,0,6,35,1,216,0,63,-16,7172,-24,246,0,0,64,0,-8,-56,-64,-12,-381,-3,0,730,-658,-8,1770,1519,57,176,26,-125,0,-161,-70,-20,0,-146,-151,-65,106,0,4
-514,7,0,0,0,152,7,20,-293,0,1,211,0,-76,-12,-115,8,-12830,12,99,4,0,0,0,6,-87,92,6,109,-22,0,1105,-19,-8,-2069,-2060,216,0,64,158,0,-29,4,1,0,92,-118,19,382,549,-98
369,-3,69,8,16,-120,0,38,1073,24,10,-149,1,41,38,129,25,8300,135,0,-8,7,351,0,-3,63,-108,22,32,8,2,-1664,562,27,987,1882,-404,1126,-85,-33,481,-4,93,15,350,107,358,32,-598,-1029,110
180,1,-117,-16,-20,-63,0,-60,-1271,-41,-18,-34,-2,-8,-57,25,-50,-4350,-126,-27,4,-8,-702,0,1,-58,41,-38,451,12,-2,869,-450,-26,-97,-1440,211,-2035,15,-72,-896,69,-138,-10,-604,-193,-343,2,173,411,-55
-408,0,51,8,-3,32,0,18,446,16,11,101,1,-38,-22,-39,27,946,-153,-311,0,4,521,0,-1,99,15,15,-527,-14,-2,211,66,2,107,884,0,940,1,35,409,48,95,-2,221,97,1359,-59,131,304,14
74,-1,-7,6,2,20,2,7,-335,0,-8,-154,0,-8,4,30,-12,1467,144,390,0,-12,-340,0,1,-39,-10,1,90,14,4,-467,118,-2,-141,-395,74,-65,1,22,-54,7,10,-2,60,-1,-2605,20,-130,-470,-10
246,5,-15,-12,15,55,-4,-18,625,-4,0,48,0,-68,75,-25,32,-203,36,-209,0,15,261,0,1,42,-9,-4,4,1,-4,-1485,-97,32,-257,146,-158,-180,-24,29,123,-124,-41,16,-117,37,1629,49,-127,388,-32
-396,-8,18,6,-20,-131,2,15,-182,5,3,-31,1,91,-66,-107,26,-308,-72,-3,0,-12,-182,0,-1,-24,11,3,443,-18,2,1431,-4,-24,-282,-555,47,214,28,-147,-126,260,-32,-14,90,-83,-439,-54,169,-306,82
473,4,1,0,10,224,1,0,-473,12,2,218,-2,-83,55,47,-19,-547,36,338,1,25,91,0,0,-55,41,2,-1151,27,2,983,112,-27,834,1066,-14,709,101,199,63,-266,28,0,0,99,312,18,264,153,-45
-139,5,78,8,22,-155,-2,43,850,-17,1,-158,3,123,24,109,-107,1758,110,-350,0,-24,299,0,-1,-29,-70,20,520,-15,-3,-1233,-76,62,167,-158,10,-1190,-130,-69,392,10,60,1,238,-112,0,24,-261,373,25
-288,-7,-135,-16,-39,-34,1,-73,-763,5,4,-108,-4,-55,-134,-91,68,-2999,-169,-45,-3,0,-521,0,3,96,48,-41,338,-21,1,407,13,-62,-437,-799,24,465,-9,-64,-695,104,-80,11,-382,37,-364,-61,-147,-578,-71
180,0,86,8,19,30,1,35,287,3,-6,255,3,-13,112,47,36,3428,8,199,3,6,198,0,5,-41,-33,32,664,41,0,-241,-27,26,-1070,249,102,56,50,30,437,-174,142,-16,126,-5,321,68,169,218,61
90,3,-43,12,17,76,-2,-10,260,1,-5,-217,-3,15,-61,-63,-40,-3565,176,-124,-2,1,61,0,-14,14,2,-17,-1711,-24,0,-204,-90,6,2782,-259,-157,-153,-3,-2,-233,121,-189,9,13,27,-59,-40,30,-194,-15
-61,-3,-21,-24,-45,-37,5,-8,-310,-18,1,125,3,330,-10,15,2,1707,-250,-20,1,-6,-127,0,16,21,7,-4,705,17,-1,-230,171,-19,-3212,1668,75,-26,-64,1,-25,94,67,-9,-66,-17,-340,-10,-258,405,-39
-146,5,34,12,26,-107,-8,13,-337,14,5,-181,-1,-112,75,6,26,55,125,215,2,5,90,0,-20,-64,5,10,154,25,1,518,-6,21,1320,-1950,-81,139,55,-54,124,-97,12,22,71,19,567,49,203,-448,100
17,-3,119,0,50,149,4,49,1074,5,7,209,3,-156,75,-25,-27,326,0,-231,-3,-5,291,0,18,96,49,22,-246,-81,1,1288,89,-9,243,576,72,502,93,148,232,196,1,-30,205,-17,-370,-39,213,224,-88
216,2,-216,7,-89,18,2,-77,-1039,8,-11,-150,-6,-21,-264,21,12,-511,272,77,3,7,-463,0,-13,-158,-69,-44,861,42,-1,-1669,-180,19,520,47,-62,-526,-123,-49,-331,-271,57,28,-312,0,266,5,-202,763,-3
25,-4,103,-14,36,-4,7,29,465,-17,3,268,4,239,218,140,-2,277,-465,23,-5,-1,234,0,5,239,15,29,-576,-1,1,566,-44,-38,-901,270,83,342,-9,-58,124,112,-104,-13,134,-9,-341,-9,248,-1432,51
-167,-1,9,7,3,-119,-20,-1,-209,-10,-3,-266,-2,-271,97,-127,26,-1504,114,-43,6,5,-114,0,18,-125,7,-10,11,17,-2,-446,66,31,-38,-288,-29,-883,89,28,-21,-87,55,-5,-64,44,446,28,-469,682,4
153,9,-16,5,5,27,19,-17,146,28,1,1,4,-113,-395,-37,-29,1708,179,88,-6,-24,45,0,-31,-57,-2,-1,-71,-39,0,84,40,-22,499,75,1,634,-91,-44,-34,37,-26,12,8,15,-483,6,271,116,-35
-348,-12,-35,-10,-18,-38,-16,12,-24,-28,4,124,-6,-107,307,31,-11,990,-200,-133,5,32,-115,0,18,-9,-26,1,-140,42,1,-477,-338,7,-812,-479,-17,-369,8,30,-102,-46,39,-22,-30,-87,13,-40,-395,-365,-3
113,11,37,5,13,79,8,5,-440,14,-3,-152,-1,-168,-111,-13,17,-3021,100,63,-4,-22,122,0,-10,12,26,-1,-211,-64,0,654,656,11,1807,1093,44,300,33,-58,132,166,-46,15,59,113,460,28,334,236,38
224,-5,62,0,10,-43,0,0,416,0,9,195,8,266,23,-42,0,2017,0,26,2,7,0,0,6,70,29,4,280,126,1,0,-583,-18,-2392,-400,-92,549,144,167,0,-128,7,20,0,-204,-383,-20,324,0,-47
-21,-2,-78,0,-1,114,1,42,645,38,-4,-163,2,1648,107,111,3,284,93,106,2,1,265,0,4,-53,-18,16,86,-92,-2,1720,519,28,3166,-1009,8,-850,-288,-130,57,-140,83,-28,154,151,226,25,-320,438,14
-142,4,-11,9,-16,88,-2,-50,-1163,-68,-8,93,-11,-2986,-149,-159,-6,1597,-59,-203,-1,-4,-134,2,-2,112,3,-20,255,-19,3,-2468,-589,14,-1593,1586,136,339,210,62,274,571,-85,21,-129,9,-71,25,-118,-709,17
273,14,32,-18,3,-726,1,-2,1367,26,0,-20,7,2064,54,194,76,-4434,-125,153,-2,10,-368,-4,-6,-69,-63,-8,-110,26,-3,246,358,-71,-3345,-1159,5,-191,-102,-50,-646,-675,42,-26,-146,14,-41,-99,65,210,-23
-568,-32,5,26,7,777,0,10,-1698,10,2,6,-5,-762,-30,-27,-146,2159,112,-133,-1,-1,78,2,15,-105,67,13,-247,27,1,414,-48,45,4131,338,-168,161,49,-5,315,341,-47,10,154,-33,-97,85,97,196,13
687,21,-44,-34,-14,-187,0,-24,722,-16,0,-36,4,-234,224,-103,73,-114,-78,18,3,-25,379,0,-25,254,-41,-9,415,-40,-1,-294,-162,-18,-1239,-319,70,-149,-56,25,-73,163,24,-6,-124,0,-37,-35,-261,-376,-15
-642,-14,35,17,11,-19,0,24,771,10,0,-18,-2,493,-428,-91,0,-807,57,39,0,24,-440,0,17,-400,23,8,-604,-5,1,382,403,34,-106,1195,-56,141,43,-79,73,-329,-55,9,91,1,316,16,213,241,50
265,8,-2,0,8,-117,0,0,-1288,7,5,82,11,-673,307,246,-5,1376,0,105,-2,-5,220,0,-6,307,0,1,185,10,0,0,-439,-38,350,-1670,77,402,119,214,0,-34,60,21,0,-62,-182,-12,291,0,-40
425,12,72,11,10,169,2,31,1320,-14,6,-13,-17,1028,-146,-101,16,-152,171,-108,2,14,298,2,3,-137,92,13,193,41,0,1476,189,55,-35,1468,-49,-731,-214,-217,359,205,46,-35,195,-5,-62,39,-337,533,20
-543,-22,-141,-22,-42,-71,-4,-62,-1166,21,-19,-91,6,-843,73,-51,-17,204,-342,-78,-3,-33,-596,-4,1,18,-157,-33,-263,-11,0,-2952,-49,-80,-498,-1266,51,332,115,31,-718,-304,-87,14,-390,153,-14,-75,-111,-1066,-56
679,30,119,11,24,55,2,79,984,-22,52,153,17,458,0,81,7,243,265,107,3,41,570,2,5,196,56,25,679,-21,1,2730,422,52,543,1244,36,6,13,166,485,542,49,0,348,-190,187,96,325,609,88
-1269,-32,-99,0,-1,-40,6,-96,-1174,10,-79,-176,-32,-92,0,88,3,-652,-129,20,-2,-44,-544,0,-13,-272,12,-13,-1107,23,-2,-1797,-740,-20,-272,-1222,-104,-94,-110,-165,-252,-612,-15,-7,-306,245,-200,-106,-283,-70,-92
